site,nrmse,Adj R2,nobs,y range,f value,f p value,dep sites,reg params
L37/1407,-0.06643,0.957,27.0,12.0,576.742,0.0,['L37/1408'],"[-0.05184, 1.02837]"
L37/1408,-0.05265,0.973,23.0,11.0,808.306,0.0,['L37/1407'],"[-0.29812, 0.92877]"
